Category: All categories,,,,,
,,,,,
Region,climate change: (4/15/14 - 4/22/14),global warming: (4/15/14 - 4/22/14),CC/GW,,
Montana,100%,,1000.00%,1,130.24%
Idaho,75%,25%,300.00%,1,
North Dakota,70%,30%,233.33%,1,
South Dakota,60%,40%,150.00%,1,
Wyoming,57%,43%,132.56%,1,
South Carolina,52%,48%,108.33%,1,
Alaska,50%,50%,100.00%,1,
Alabama,50%,50%,100.00%,1,
Utah,48%,52%,92.31%,1,
Nebraska,47%,53%,88.68%,1,
Missouri,47%,53%,88.68%,1,
Tennessee,44%,56%,78.57%,1,
West Virginia,40%,60%,66.67%,1,
Kentucky,39%,61%,63.93%,1,
Texas,39%,61%,63.93%,1,
Oklahoma,38%,62%,61.29%,1,
Arizona,37%,63%,58.73%,1,
Indiana,37%,63%,58.73%,1,
Louisiana,35%,65%,53.85%,1,
Georgia,34%,66%,51.52%,1,
Arkansas,33%,67%,49.25%,1,
North Carolina,33%,67%,49.25%,1,
Mississippi,30%,70%,42.86%,1,
Kansas,25%,75%,33.33%,1,
Rhode Island,100%,,1000.00%,156.99%,
New Hampshire,82%,18%,455.56%,,
District of Columbia,81%,19%,426.32%,,
Delaware,67%,33%,203.03%,,
Maine,67%,33%,203.03%,,
Connecticut,65%,35%,185.71%,,
Maryland,61%,39%,156.41%,,
Massachusetts,54%,46%,117.39%,,
New York,52%,48%,108.33%,,
Oregon,51%,49%,104.08%,,
Colorado,49%,51%,96.08%,,
Wisconsin,48%,52%,92.31%,,
Michigan,48%,52%,92.31%,,
Washington,48%,52%,92.31%,,
California,48%,52%,92.31%,,
New Mexico,47%,53%,88.68%,,
Virginia,47%,53%,88.68%,,
Vermont,46%,54%,85.19%,,
Florida,44%,56%,78.57%,,
New Jersey,41%,59%,69.49%,,
Pennsylvania,40%,60%,66.67%,,
Ohio,39%,61%,63.93%,,
Nevada,37%,63%,58.73%,,
Hawaii,36%,64%,56.25%,,
Illinois,36%,64%,56.25%,,
Minnesota,36%,64%,56.25%,,
Iowa,31%,69%,44.93%,,
