Category: All categories,,,,,
Region,climate change: (3/7/18 - 3/24/18),global warming: (3/7/18 - 3/24/18),CC/GW,,
Wyoming,100%,,1000.00%,1,154.75%
Idaho,71%,29%,244.83%,1,
Nebraska,70%,30%,233.33%,1,
Oklahoma,65%,35%,185.71%,1,
Arizona,63%,37%,170.27%,1,
West Virginia,60%,40%,150.00%,1,
North Dakota,60%,40%,150.00%,1,
Kansas,59%,41%,143.90%,1,
Utah,58%,42%,138.10%,1,
Michigan,57%,43%,132.56%,1,
Wisconsin,56%,44%,127.27%,1,
Louisiana,56%,44%,127.27%,1,
North Carolina,55%,45%,122.22%,1,
Missouri,53%,47%,112.77%,1,
Texas,53%,47%,112.77%,1,
Georgia,52%,48%,108.33%,1,
Ohio,52%,48%,108.33%,1,
Iowa,51%,49%,104.08%,1,
Arkansas,51%,49%,104.08%,1,
Alaska,50%,50%,100.00%,1,
Indiana,50%,50%,100.00%,1,
Alabama,49%,51%,96.08%,1,
Kentucky,48%,52%,92.31%,1,
Tennessee,47%,53%,88.68%,1,
South Carolina,45%,55%,81.82%,1,
Montana,44%,56%,78.57%,1,
Mississippi,40%,60%,66.67%,1,
South Dakota,36%,64%,56.25%,1,
Florida,61%,39%,156.41%,1,
Pennsylvania,60%,40%,150.00%,1,
Oregon,55%,45%,122.22%,,179.72%
New Mexico,43%,57%,75.44%,,
District of Columbia,83%,17%,488.24%,,
Delaware,83%,17%,488.24%,,
Vermont,79%,21%,376.19%,,
Washington,68%,32%,212.50%,,
Massachusetts,66%,34%,194.12%,,
New Hampshire,65%,35%,185.71%,,
Colorado,61%,39%,156.41%,,
Minnesota,59%,41%,143.90%,,
Virginia,57%,43%,132.56%,,
Connecticut,57%,43%,132.56%,,
Maryland,57%,43%,132.56%,,
Maine,56%,44%,127.27%,,
Hawaii,56%,44%,127.27%,,
New Jersey,56%,44%,127.27%,,
California,55%,45%,122.22%,,
Nevada,54%,46%,117.39%,,
New York,54%,46%,117.39%,,
Illinois,53%,47%,112.77%,,
Rhode Island,45%,55%,81.82%,,
