Category: All categories,,,,,
,,,,,
Region,climate change: (4/10/13 - 4/15/13),global warming: (4/10/13 - 4/15/13),CC/GW,,
South Dakota,67%,33%,203.03%,1,88.90%
Alaska,67%,33%,203.03%,1,
Arkansas,67%,33%,203.03%,1,
Kansas,67%,33%,203.03%,1,
Oklahoma,67%,33%,203.03%,1,
Indiana,52%,48%,108.33%,1,
North Dakota,50%,50%,100.00%,1,
Mississippi,50%,50%,100.00%,1,
Idaho,50%,50%,100.00%,1,
Tennessee,45%,55%,81.82%,1,
Louisiana,43%,57%,75.44%,1,
Kentucky,40%,60%,66.67%,1,
North Carolina,38%,62%,61.29%,1,
Arizona,37%,63%,58.73%,1,
Alabama,37%,63%,58.73%,1,
South Carolina,33%,67%,49.25%,1,
Utah,33%,67%,49.25%,1,
Texas,31%,69%,44.93%,1,
Nebraska,28%,72%,38.89%,1,
Georgia,28%,72%,38.89%,1,
Missouri,27%,73%,36.99%,1,
Montana,,100%,0.00%,1,
Wyoming,,100%,0.00%,1,
West Virginia,33%,67%,49.25%,1,
District of Columbia,84%,16%,525.00%,82.77%,
New Mexico,57%,43%,132.56%,,
Nevada,54%,46%,117.39%,,
Vermont,50%,50%,100.00%,,
Delaware,49%,51%,96.08%,,
Iowa,47%,53%,88.68%,,
Massachusetts,47%,53%,88.68%,,
Washington,46%,54%,85.19%,,
Connecticut,44%,56%,78.57%,,
Michigan,43%,57%,75.44%,,
Maine,40%,60%,66.67%,,
New York,40%,60%,66.67%,,
Minnesota,40%,60%,66.67%,,
California,40%,60%,66.67%,,
Hawaii,39%,61%,63.93%,,
Oregon,37%,63%,58.73%,,
Florida,35%,65%,53.85%,,
Colorado,34%,66%,51.52%,,
New Hampshire,33%,67%,49.25%,,
Maryland,32%,68%,47.06%,,
Virginia,32%,68%,47.06%,,
Illinois,31%,69%,44.93%,,
Ohio,30%,70%,42.86%,,
Pennsylvania,29%,71%,40.85%,,
Rhode Island,25%,75%,33.33%,,
New Jersey,21%,79%,26.58%,,
Wisconsin,17%,83%,20.48%,,
