Category: All categories,,,,,
,,,,,
Region,climate change: (9/30/15 - 10/19/15),global warming: (9/30/15 - 10/19/15),cc/gw,,
Montana,63%,37%,170.27%,1,103.21%
Oklahoma,61%,39%,156.41%,1,
Wyoming,60%,40%,150.00%,1,
Missouri,60%,40%,150.00%,1,
Nebraska,58%,42%,138.10%,1,
North Dakota,57%,43%,132.56%,1,
Alabama,57%,43%,132.56%,1,
Tennessee,56%,44%,127.27%,1,
Arkansas,53%,47%,112.77%,1,
Alaska,50%,50%,100.00%,1,
Idaho,50%,50%,100.00%,1,
Indiana,50%,50%,100.00%,1,
Arizona,50%,50%,100.00%,1,
North Carolina,49%,51%,96.08%,1,
Georgia,48%,52%,92.31%,1,
Texas,47%,53%,88.68%,1,
Kentucky,46%,54%,85.19%,1,
Kansas,45%,55%,81.82%,1,
Utah,42%,58%,72.41%,1,
Louisiana,41%,59%,69.49%,1,
South Dakota,40%,60%,66.67%,1,
South Carolina,38%,62%,61.29%,1,
Mississippi,36%,64%,56.25%,1,
West Virginia,27%,73%,36.99%,1,
New Mexico,73%,27%,270.37%,129.64%,
District of Columbia,72%,28%,257.14%,,
Washington,67%,33%,203.03%,,
Maryland,62%,38%,163.16%,,
New Hampshire,61%,39%,156.41%,,
Nevada,60%,40%,150.00%,,
Oregon,60%,40%,150.00%,,
Massachusetts,58%,42%,138.10%,,
New York,58%,42%,138.10%,,
New Jersey,58%,42%,138.10%,,
Maine,57%,43%,132.56%,,
Colorado,57%,43%,132.56%,,
Michigan,57%,43%,132.56%,,
Florida,55%,45%,122.22%,,
California,54%,46%,117.39%,,
Illinois,54%,46%,117.39%,,
Rhode Island,53%,47%,112.77%,,
Connecticut,52%,48%,108.33%,,
Wisconsin,51%,49%,104.08%,,
Virginia,49%,51%,96.08%,,
Pennsylvania,48%,52%,92.31%,,
Minnesota,47%,53%,88.68%,,
Ohio,47%,53%,88.68%,,
Hawaii,44%,56%,78.57%,,
Vermont,43%,57%,75.44%,,
Iowa,42%,58%,72.41%,,
Delaware,39%,61%,63.93%,,
