Category: All categories,,,,,
,,,,,
Region,climate change: (8/31/12 - 9/12/12),global warming: (8/31/12 - 9/12/12),CC/GW,,
Nebraska,65%,35%,185.71%,1,171.81%
West Virginia,60%,40%,150.00%,1,
North Dakota,57%,43%,132.56%,1,
Kansas,56%,44%,127.27%,1,
Oklahoma,54%,46%,117.39%,1,
Montana,53%,47%,112.77%,1,
South Dakota,50%,50%,100.00%,1,
Utah,50%,50%,100.00%,1,
Tennessee,45%,55%,81.82%,1,
Louisiana,44%,56%,78.57%,1,
Idaho,40%,60%,66.67%,1,
Alabama,39%,61%,63.93%,1,
South Carolina,39%,61%,63.93%,1,
Arizona,35%,65%,53.85%,1,
Texas,35%,65%,53.85%,1,
Missouri,34%,66%,51.52%,1,
Kentucky,33%,67%,49.25%,1,
Arkansas,30%,70%,42.86%,1,
Georgia,42%,58%,72.41%,1,
Wyoming,100%,,1000%,1,
Alaska,100%,,1000%,1,
Mississippi,43%,57%,75.44%,1,
New Hampshire,80%,20%,400.00%,98.75%,
District of Columbia,74%,26%,284.62%,,
Rhode Island,65%,35%,185.71%,,
Vermont,60%,40%,150.00%,,
Massachusetts,56%,44%,127.27%,,
Oregon,55%,45%,122.22%,,
Maryland,53%,47%,112.77%,,
New Mexico,50%,50%,100.00%,,
Delaware,50%,50%,100.00%,,
Iowa,50%,50%,100.00%,,
New Jersey,47%,53%,88.68%,,
Minnesota,46%,54%,85.19%,,
Virginia,45%,55%,81.82%,,
Hawaii,43%,57%,75.44%,,
Colorado,43%,57%,75.44%,,
Washington,41%,59%,69.49%,,
New York,41%,59%,69.49%,,
Maine,40%,60%,66.67%,,
North Carolina,39%,61%,63.93%,,
Ohio,38%,62%,61.29%,,
California,35%,65%,53.85%,,
Illinois,35%,65%,53.85%,,
Pennsylvania,34%,66%,51.52%,,
Nevada,33%,67%,49.25%,,
Connecticut,33%,67%,49.25%,,
Indiana,32%,68%,47.06%,,
Wisconsin,32%,68%,47.06%,,
Michigan,32%,68%,47.06%,,
Florida,31%,69%,44.93%,,
