Category: All categories,,,,,
,,,,,
Region,climate change: (10/20/11 - 11/16/11),global warming: (10/20/11 - 11/16/11),CC/GW,,
Alaska,57%,43%,132.56%,1,53.18%
Montana,47%,53%,88.68%,1,
North Dakota,44%,56%,78.57%,1,
Louisiana,44%,56%,78.57%,1,
Wyoming,43%,57%,75.44%,1,
Idaho,43%,57%,75.44%,1,
Arkansas,38%,62%,61.29%,1,
Nebraska,36%,64%,56.25%,1,
Kansas,34%,66%,51.52%,1,
West Virginia,33%,67%,49.25%,1,
Mississippi,33%,67%,49.25%,1,
Arizona,33%,67%,49.25%,1,
Oklahoma,32%,68%,47.06%,1,
Georgia,30%,70%,42.86%,1,
Missouri,30%,70%,42.86%,1,
Texas,28%,72%,38.89%,1,
South Carolina,27%,73%,36.99%,1,
Kentucky,26%,74%,35.14%,1,
Alabama,24%,76%,31.58%,1,
Utah,21%,79%,26.58%,1,
Tennessee,18%,82%,21.95%,1,
South Dakota,,100%,0.00%,1,
District of Columbia,74%,26%,284.62%,68.16%,
Vermont,71%,29%,244.83%,,
Delaware,55%,45%,122.22%,,
New Mexico,49%,51%,96.08%,,
Virginia,45%,55%,81.82%,,
Maryland,41%,59%,69.49%,,
Washington,39%,61%,63.93%,,
New Hampshire,38%,62%,61.29%,,
Iowa,38%,62%,61.29%,,
Connecticut,38%,62%,61.29%,,
Massachusetts,38%,62%,61.29%,,
Oregon,38%,62%,61.29%,,
Maine,36%,64%,56.25%,,
Hawaii,36%,64%,56.25%,,
New York,35%,65%,53.85%,,
Indiana,34%,66%,51.52%,,
California,34%,66%,51.52%,,
North Carolina,33%,67%,49.25%,,
Rhode Island,30%,70%,42.86%,,
Illinois,30%,70%,42.86%,,
Florida,30%,70%,42.86%,,
Michigan,29%,71%,40.85%,,
Wisconsin,27%,73%,36.99%,,
Colorado,27%,73%,36.99%,,
Pennsylvania,25%,75%,33.33%,,
New Jersey,25%,75%,33.33%,,
Minnesota,23%,77%,29.87%,,
Ohio,22%,78%,28.21%,,
Nevada,17%,83%,20.48%,,
