Category: All categories,,,,,
,,,,,
Region,climate change: (5/14/10 - 6/1/10),global warming: (5/14/10 - 6/1/10),cc/gw,,
Montana,67%,33%,203.03%,1,41.71%
North Dakota,50%,50%,100.00%,1,
Alaska,50%,50%,100.00%,1,
Kansas,40%,60%,66.67%,1,
Oklahoma,40%,60%,66.67%,1,
Arizona,38%,62%,61.29%,1,
South Carolina,37%,63%,58.73%,1,
Wyoming,33%,67%,49.25%,1,
Utah,27%,73%,36.99%,1,
Louisiana,25%,75%,33.33%,1,
Nebraska,23%,77%,29.87%,1,
Tennessee,21%,79%,26.58%,1,
Texas,20%,80%,25.00%,1,
Georgia,19%,81%,23.46%,1,
Missouri,17%,83%,20.48%,1,
Kentucky,14%,86%,16.28%,1,
West Virginia,,100%,0.00%,1,
Alabama,,100%,0.00%,1,
South Dakota,,100%,0.00%,1,
Idaho,,100%,0.00%,1,
Mississippi,,100%,0.00%,1,
Arkansas,,100%,0.00%,1,
District of Columbia,62%,38%,163.16%,,47.24%
New Hampshire,53%,47%,112.77%,,
Colorado,52%,48%,108.33%,,
Massachusetts,40%,60%,66.67%,,
Connecticut,38%,62%,61.29%,,
Maine,35%,65%,53.85%,,
Maryland,35%,65%,53.85%,,
North Carolina,34%,66%,51.52%,,
Delaware,33%,67%,49.25%,,
Hawaii,33%,67%,49.25%,,
Vermont,33%,67%,49.25%,,
Washington,32%,68%,47.06%,,
Virginia,32%,68%,47.06%,,
Illinois,31%,69%,44.93%,,
California,29%,71%,40.85%,,
Rhode Island,28%,72%,38.89%,,
Oregon,26%,74%,35.14%,,
New York,24%,76%,31.58%,,
Indiana,23%,77%,29.87%,,
Iowa,23%,77%,29.87%,,
Nevada,23%,77%,29.87%,,
Ohio,22%,78%,28.21%,,
Wisconsin,22%,78%,28.21%,,
Minnesota,22%,78%,28.21%,,
Florida,21%,79%,26.58%,,
Michigan,18%,82%,21.95%,,
New Jersey,18%,82%,21.95%,,
Pennsylvania,17%,83%,20.48%,,
New Mexico,,100%,0.00%,,
