Category: All categories,,,,,
,,,,,
Region,climate change: (4/23/11 - 5/12/11),global warming: (4/23/11 - 5/12/11),cc/gw,,
Alaska,54%,46%,117.39%,1,50.29%
Wyoming,50%,50%,100.00%,1,
South Dakota,50%,50%,100.00%,1,
Montana,48%,52%,92.31%,1,
Nebraska,48%,52%,92.31%,1,
Louisiana,38%,62%,61.29%,1,
Oklahoma,36%,64%,56.25%,1,
Mississippi,35%,65%,53.85%,1,
West Virginia,33%,67%,49.25%,1,
Alabama,32%,68%,47.06%,1,
Kansas,28%,72%,38.89%,1,
Idaho,25%,75%,33.33%,1,
Tennessee,24%,76%,31.58%,1,
South Carolina,24%,76%,31.58%,1,
North Dakota,23%,77%,29.87%,1,
Arizona,22%,78%,28.21%,1,
Arkansas,22%,78%,28.21%,1,
Utah,22%,78%,28.21%,1,
Missouri,21%,79%,26.58%,1,
Texas,20%,80%,25.00%,1,
Kentucky,15%,85%,17.65%,1,
Georgia,15%,85%,17.65%,1,
North Carolina,23%,77%,29.87%,,55.62%
Vermont,63%,37%,170.27%,,
District of Columbia,62%,38%,163.16%,,
New Hampshire,50%,50%,100.00%,,
Nevada,46%,54%,85.19%,,
Oregon,45%,55%,81.82%,,
Maine,43%,57%,75.44%,,
Hawaii,41%,59%,69.49%,,
Massachusetts,39%,61%,63.93%,,
Virginia,37%,63%,58.73%,,
Colorado,36%,64%,56.25%,,
Washington,33%,67%,49.25%,,
Rhode Island,31%,69%,44.93%,,
New York,30%,70%,42.86%,,
Maryland,29%,71%,40.85%,,
California,29%,71%,40.85%,,
Iowa,28%,72%,38.89%,,
Delaware,28%,72%,38.89%,,
Wisconsin,28%,72%,38.89%,,
Florida,28%,72%,38.89%,,
New Mexico,27%,73%,36.99%,,
Ohio,26%,74%,35.14%,,
Indiana,25%,75%,33.33%,,
Connecticut,25%,75%,33.33%,,
Illinois,25%,75%,33.33%,,
Minnesota,25%,75%,33.33%,,
Pennsylvania,24%,76%,31.58%,,
Michigan,23%,77%,29.87%,,
New Jersey,15%,85%,17.65%,,
