Category: All categories,,,,,
,,,,,
Region,climate change: (3/18/16 - 3/31/16),global warming: (3/18/16 - 3/31/16),CC/GW,,
Mississippi,71%,29%,244.83%,1,104.52%
Wyoming,65%,35%,185.71%,1,
South Carolina,65%,35%,185.71%,1,
North Carolina,62%,38%,163.16%,1,
Idaho,59%,41%,143.90%,1,
Kentucky,57%,43%,132.56%,1,
West Virginia,56%,44%,127.27%,1,
Tennessee,56%,44%,127.27%,1,
Alaska,54%,46%,117.39%,1,
Louisiana,52%,48%,108.33%,1,
Oklahoma,51%,49%,104.08%,1,
Utah,49%,51%,96.08%,1,
Kansas,49%,51%,96.08%,1,
Georgia,47%,53%,88.68%,1,
Texas,47%,53%,88.68%,1,
Wisconsin,44%,56%,78.57%,1,
Arizona,43%,57%,75.44%,1,
Missouri,41%,59%,69.49%,1,
Montana,40%,60%,66.67%,1,
Alabama,36%,64%,56.25%,1,
Nebraska,35%,65%,53.85%,1,
North Dakota,33%,67%,49.25%,1,
Arkansas,33%,67%,49.25%,1,
South Dakota,,100%,0.00%,1,
Maine,78%,22%,354.55%,150.58%,
District of Columbia,71%,29%,244.83%,,
Hawaii,69%,31%,222.58%,,
Colorado,68%,32%,212.50%,,
Delaware,64%,36%,177.78%,,
Massachusetts,64%,36%,177.78%,,
Oregon,64%,36%,177.78%,,
New Hampshire,63%,37%,170.27%,,
Indiana,62%,38%,163.16%,,
Minnesota,61%,39%,156.41%,,
Washington,59%,41%,143.90%,,
Vermont,58%,42%,138.10%,,
Connecticut,57%,43%,132.56%,,
Virginia,57%,43%,132.56%,,
Ohio,57%,43%,132.56%,,
Maryland,55%,45%,122.22%,,
New Mexico,55%,45%,122.22%,,
Nevada,55%,45%,122.22%,,
California,55%,45%,122.22%,,
Pennsylvania,54%,46%,117.39%,,
New York,53%,47%,112.77%,,
Michigan,53%,47%,112.77%,,
New Jersey,53%,47%,112.77%,,
Florida,53%,47%,112.77%,,
Iowa,52%,48%,108.33%,,
Illinois,49%,51%,96.08%,,
Rhode Island,40%,60%,66.67%,,
