Category: All categories,,,,,
,,,,,
Region,climate change: (10/17/14 - 10/28/14),global warming: (10/17/14 - 10/28/14),CC/GW,,
Alaska,75%,25%,300%,1,84%
Montana,67%,33%,203%,1,
Kansas,62%,38%,163%,1,
Tennessee,54%,46%,117%,1,
West Virginia,50%,50%,100%,1,
Louisiana,50%,50%,100%,1,
South Dakota,47%,53%,89%,1,
Indiana,45%,55%,82%,1,
Oklahoma,45%,55%,82%,1,
Mississippi,43%,57%,75%,1,
Arizona,43%,57%,75%,1,
Missouri,42%,58%,72%,1,
Texas,42%,58%,72%,1,
Arkansas,39%,61%,64%,1,
Utah,39%,61%,64%,1,
North Carolina,38%,62%,61%,1,
Kentucky,37%,63%,59%,1,
Nebraska,36%,64%,56%,1,
Georgia,33%,67%,49%,1,
South Carolina,32%,68%,47%,1,
Alabama,31%,69%,45%,1,
Idaho,25%,75%,33%,1,
Wyoming,,100%,0%,1,
North Dakota,,100%,0%,1,
District of Columbia,86%,14%,614%,111%,
Massachusetts,68%,32%,213%,,
New Hampshire,60%,40%,150%,,
Colorado,58%,42%,138%,,
Iowa,54%,46%,117%,,
Oregon,54%,46%,117%,,
Maryland,53%,47%,113%,,
New York,53%,47%,113%,,
Washington,52%,48%,108%,,
Wisconsin,51%,49%,104%,,
Ohio,49%,51%,96%,,
Minnesota,48%,52%,92%,,
California,48%,52%,92%,,
New Mexico,46%,54%,85%,,
Florida,45%,55%,82%,,
Nevada,45%,55%,82%,,
Pennsylvania,43%,57%,75%,,
Connecticut,41%,59%,69%,,
Michigan,41%,59%,69%,,
Vermont,40%,60%,67%,,
Delaware,40%,60%,67%,,
Maine,38%,62%,61%,,
New Jersey,38%,62%,61%,,
Virginia,37%,63%,59%,,
Illinois,37%,63%,59%,,
Hawaii,35%,65%,54%,,
Rhode Island,33%,67%,49%,,
