Category: All categories,,,,,
,,,,,
Region,climate change: (2/27/15 - 3/10/15),global warming: (2/27/15 - 3/10/15),cc/gw,,
North Dakota,67%,33%,203.03%,1,80.05%
West Virginia,60%,40%,150.00%,1,
South Carolina,53%,47%,112.77%,1,
Tennessee,52%,48%,108.33%,1,
North Carolina,51%,49%,104.08%,1,
Louisiana,50%,50%,100.00%,1,
Nebraska,50%,50%,100.00%,1,
Indiana,48%,52%,92.31%,1,
Arizona,47%,53%,88.68%,1,
Idaho,45%,55%,81.82%,1,
Montana,45%,55%,81.82%,1,
Arkansas,45%,55%,81.82%,1,
Alaska,44%,56%,78.57%,1,
Wyoming,43%,57%,75.44%,1,
Kansas,40%,60%,66.67%,1,
Kentucky,37%,63%,58.73%,1,
Georgia,37%,63%,58.73%,1,
South Dakota,33%,67%,49.25%,1,
Utah,33%,67%,49.25%,1,
Alabama,33%,67%,49.25%,1,
Texas,32%,68%,47.06%,1,
Oklahoma,30%,70%,42.86%,1,
Missouri,29%,71%,40.85%,1,
Mississippi,,100%,0.00%,1,
Maine,76%,24%,316.67%,105.04%,
Delaware,62%,38%,163.16%,,
District of Columbia,62%,38%,163.16%,,
Colorado,61%,39%,156.41%,,
Massachusetts,61%,39%,156.41%,,
Washington,56%,44%,127.27%,,
Vermont,55%,45%,122.22%,,
Michigan,55%,45%,122.22%,,
Oregon,52%,48%,108.33%,,
Maryland,51%,49%,104.08%,,
Rhode Island,50%,50%,100.00%,,
Ohio,50%,50%,100.00%,,
New York,49%,51%,96.08%,,
Minnesota,48%,52%,92.31%,,
California,47%,53%,88.68%,,
Florida,47%,53%,88.68%,,
New Jersey,47%,53%,88.68%,,
Wisconsin,46%,54%,85.19%,,
Iowa,45%,55%,81.82%,,
New Mexico,45%,55%,81.82%,,
Pennsylvania,41%,59%,69.49%,,
Connecticut,40%,60%,66.67%,,
Illinois,40%,60%,66.67%,,
Virginia,37%,63%,58.73%,,
Nevada,37%,63%,58.73%,,
Hawaii,30%,70%,42.86%,,
New Hampshire,23%,77%,29.87%,,
