Category: All categories,,,,,
,,,,,
Region,climate change: (3/12/12 - 3/30/12),global warming: (3/12/12 - 3/30/12),CC/GW,,
Alaska,55%,45%,122.22%,1,46.41%
Montana,47%,53%,88.68%,1,
Idaho,44%,56%,78.57%,1,
South Dakota,43%,57%,75.44%,1,
Mississippi,43%,57%,75.44%,1,
Utah,42%,58%,72.41%,1,
West Virginia,39%,61%,63.93%,1,
Kansas,37%,63%,58.73%,1,
Alabama,33%,67%,49.25%,1,
Arizona,32%,68%,47.06%,1,
Tennessee,29%,71%,40.85%,1,
Missouri,28%,72%,38.89%,1,
South Carolina,24%,76%,31.58%,1,
Louisiana,24%,76%,31.58%,1,
Georgia,23%,77%,29.87%,1,
Texas,23%,77%,29.87%,1,
Nebraska,20%,80%,25.00%,1,
Oklahoma,20%,80%,25.00%,1,
Arkansas,16%,84%,19.05%,1,
Kentucky,15%,85%,17.65%,1,
Wyoming,,100%,0.00%,1,
North Dakota,,100%,0.00%,1,
District of Columbia,55%,45%,122.22%,51.14%,
Hawaii,45%,55%,81.82%,,
Oregon,44%,56%,78.57%,,
Nevada,43%,57%,75.44%,,
Colorado,42%,58%,72.41%,,
Washington,39%,61%,63.93%,,
Virginia,38%,62%,61.29%,,
North Carolina,37%,63%,58.73%,,
Maine,36%,64%,56.25%,,
Massachusetts,35%,65%,53.85%,,
New Hampshire,34%,66%,51.52%,,
Connecticut,33%,67%,49.25%,,
Minnesota,33%,67%,49.25%,,
Michigan,31%,69%,44.93%,,
Indiana,31%,69%,44.93%,,
Wisconsin,31%,69%,44.93%,,
California,31%,69%,44.93%,,
Florida,30%,70%,42.86%,,
Maryland,29%,71%,40.85%,,
New Mexico,28%,72%,38.89%,,
New York,28%,72%,38.89%,,
Delaware,27%,73%,36.99%,,
Vermont,26%,74%,35.14%,,
Rhode Island,26%,74%,35.14%,,
Iowa,26%,74%,35.14%,,
Pennsylvania,26%,74%,35.14%,,
Illinois,25%,75%,33.33%,,
Ohio,24%,76%,31.58%,,
New Jersey,20%,80%,25.00%,,
