Category: All categories,,,,,
,,,,,
Region,climate change: (11/23/13 - 12/9/13),global warming: (11/23/13 - 12/9/13),cc/gw,,
Wyoming,65%,35%,185.71%,1,77.83%
Alaska,64%,36%,177.78%,1,
South Dakota,63%,37%,170.27%,1,
Nebraska,60%,40%,150.00%,1,
Montana,59%,41%,143.90%,1,
West Virginia,47%,53%,88.68%,1,
Idaho,39%,61%,63.93%,1,
Utah,38%,62%,61.29%,1,
Oklahoma,38%,62%,61.29%,1,
North Carolina,37%,63%,58.73%,1,
Georgia,37%,63%,58.73%,1,
Louisiana,37%,63%,58.73%,1,
Missouri,36%,64%,56.25%,1,
Kansas,34%,66%,51.52%,1,
Kentucky,34%,66%,51.52%,1,
Texas,34%,66%,51.52%,1,
North Dakota,33%,67%,49.25%,1,
South Carolina,33%,67%,49.25%,1,
Arizona,32%,68%,47.06%,1,
Tennessee,32%,68%,47.06%,1,
Arkansas,26%,74%,35.14%,1,
Mississippi,26%,74%,35.14%,1,
Alabama,25%,75%,33.33%,1,
Indiana,45%,55%,81.82%,1,
District of Columbia,73%,27%,270.37%,90.26%,
Vermont,67%,33%,203.03%,,
Maine,64%,36%,177.78%,,
Massachusetts,59%,41%,143.90%,,
Washington,55%,45%,122.22%,,
Virginia,55%,45%,122.22%,,
Oregon,52%,48%,108.33%,,
Colorado,51%,49%,104.08%,,
Wisconsin,50%,50%,100.00%,,
California,46%,54%,85.19%,,
Hawaii,44%,56%,78.57%,,
Connecticut,43%,57%,75.44%,,
Florida,42%,58%,72.41%,,
Maryland,39%,61%,63.93%,,
New York,39%,61%,63.93%,,
New Mexico,38%,62%,61.29%,,
Michigan,38%,62%,61.29%,,
Delaware,37%,63%,58.73%,,
New Jersey,36%,64%,56.25%,,
New Hampshire,35%,65%,53.85%,,
Pennsylvania,35%,65%,53.85%,,
Minnesota,35%,65%,53.85%,,
Nevada,35%,65%,53.85%,,
Ohio,34%,66%,51.52%,,
Rhode Island,33%,67%,49.25%,,
Iowa,32%,68%,47.06%,,
Illinois,31%,69%,44.93%,,
